,unknown,female,male
unknown,2196.0861224489777,0.0,0.0
sixties,16.092,466.3764081632652,52.68
fifties,0.0,197.73869387755101,153.6768163265306
fourties,0.0,299.4719999999999,17.567999999999998
thirties,0.0,123.54000000000002,12.888000000000002
twenties,0.0,31.908,19.907999999999998
seventies,0.0,0.0,12.24
