,unknown,male,female
unknown,327.7392653061224,0.0,0.0
thirties,0.0,12.3,17.136
fifties,0.0,32.664,40.386857142857146
sixties,0.0,9.048,88.18277551020407
fourties,0.0,3.936,56.58
twenties,0.0,4.86,8.448
