,female,unknown,male
thirties,1354.2599999999995,0.0,251.64228571428566
unknown,0.0,20403.525387755126,0.0
sixties,5289.863591836731,283.50000000000006,385.117306122449
twenties,486.55199999999985,0.0,269.94000000000005
fourties,3274.9679999999994,0.0,98.508
fifties,2185.623265306119,0.0,1621.675020408163
seventies,0.0,0.0,69.012
teens,22.896,0.0,0.0
eighties,0.0,0.0,21.491999999999997
